{
  "version": 1,
  "timestamp": "2026-05-14T19:12:30",
  "label": "micro_profile_50",
  "git_hash": "04bce0c",
  "doc_count": 50,
  "throughput": {
    "total_secs": 6.9835874,
    "process_secs": 6.8891142,
    "batch_end_secs": 0.0085289,
    "flush_secs": 0.0859443,
    "docs_per_sec": 7.159644053427326
  },
  "per_doc": {
    "avg_ms": 137.78126200000003,
    "p50_ms": 102.6488,
    "p95_ms": 321.9475,
    "max_ms": 341.09299999999996,
    "variance_ratio": 3.136398087459376
  },
  "search": null,
  "crossref": {
    "relation_count": 0,
    "unique_pairs": 0,
    "double_count_ratio": 0.0,
    "isolated_docs": 0
  },
  "storage": null,
  "corpus": null
}