{
  "version": 1,
  "timestamp": "2026-04-22T17:06:58",
  "label": "micro_profile_50",
  "git_hash": "04bce0c",
  "doc_count": 50,
  "throughput": {
    "total_secs": 2.0506108000000003,
    "process_secs": 2.0418147,
    "batch_end_secs": 0.0028348,
    "flush_secs": 0.0059613,
    "docs_per_sec": 24.38297896412132
  },
  "per_doc": {
    "avg_ms": 40.83588,
    "p50_ms": 39.4621,
    "p95_ms": 49.1754,
    "max_ms": 56.363299999999995,
    "variance_ratio": 1.246142501286044
  },
  "search": null,
  "crossref": {
    "relation_count": 0,
    "unique_pairs": 0,
    "double_count_ratio": 0.0,
    "isolated_docs": 0
  },
  "storage": null,
  "corpus": null
}