{
  "version": 1,
  "timestamp": "2026-04-21T19:11:36",
  "label": "micro_profile_50",
  "git_hash": "04bce0c",
  "doc_count": 50,
  "throughput": {
    "total_secs": 4.7941953,
    "process_secs": 4.7284189,
    "batch_end_secs": 0.0078963,
    "flush_secs": 0.0578801,
    "docs_per_sec": 10.429278924035488
  },
  "per_doc": {
    "avg_ms": 94.567454,
    "p50_ms": 92.03840000000001,
    "p95_ms": 112.2748,
    "max_ms": 129.9208,
    "variance_ratio": 1.219869098115569
  },
  "search": null,
  "crossref": {
    "relation_count": 0,
    "unique_pairs": 0,
    "double_count_ratio": 0.0,
    "isolated_docs": 0
  },
  "storage": null,
  "corpus": null
}