{
  "version": 1,
  "timestamp": "2026-04-22T10:15:39",
  "label": "micro_profile_50",
  "git_hash": "04bce0c",
  "doc_count": 50,
  "throughput": {
    "total_secs": 4.2343138,
    "process_secs": 4.1887954,
    "batch_end_secs": 0.0046883,
    "flush_secs": 0.0408301,
    "docs_per_sec": 11.80828874799029
  },
  "per_doc": {
    "avg_ms": 83.77523799999999,
    "p50_ms": 82.2467,
    "p95_ms": 95.81960000000001,
    "max_ms": 112.4127,
    "variance_ratio": 1.1650266819215847
  },
  "search": null,
  "crossref": {
    "relation_count": 0,
    "unique_pairs": 0,
    "double_count_ratio": 0.0,
    "isolated_docs": 0
  },
  "storage": null,
  "corpus": null
}