{
  "version": 1,
  "timestamp": "2026-04-21T19:16:01",
  "label": "micro_profile_50",
  "git_hash": "04bce0c",
  "doc_count": 50,
  "throughput": {
    "total_secs": 4.7131708,
    "process_secs": 4.6528904,
    "batch_end_secs": 0.005503,
    "flush_secs": 0.0547774,
    "docs_per_sec": 10.608569500600318
  },
  "per_doc": {
    "avg_ms": 93.05690999999996,
    "p50_ms": 92.2598,
    "p95_ms": 100.9268,
    "max_ms": 112.87809999999999,
    "variance_ratio": 1.093941239846607
  },
  "search": null,
  "crossref": {
    "relation_count": 0,
    "unique_pairs": 0,
    "double_count_ratio": 0.0,
    "isolated_docs": 0
  },
  "storage": null,
  "corpus": null
}