{
  "version": 1,
  "timestamp": "2026-04-23T18:56:39",
  "label": "scale_2000",
  "git_hash": "04bce0c",
  "doc_count": 2000,
  "throughput": {
    "total_secs": 97.6901298,
    "process_secs": 94.701331,
    "batch_end_secs": 0.0083489,
    "flush_secs": 2.9804499,
    "docs_per_sec": 20.47289735508162
  },
  "per_doc": {
    "avg_ms": 47.35025960000004,
    "p50_ms": 43.1275,
    "p95_ms": 69.35239999999999,
    "max_ms": 180.0543,
    "variance_ratio": 1.608078372268274
  },
  "search": null,
  "crossref": {
    "relation_count": 108240,
    "unique_pairs": 0,
    "double_count_ratio": 0.0,
    "isolated_docs": 0
  },
  "storage": null,
  "corpus": null
}