{
  "version": 1,
  "timestamp": "2026-04-28T15:52:50",
  "label": "scale_100",
  "git_hash": "04bce0c",
  "doc_count": 100,
  "throughput": {
    "total_secs": 17.3960078,
    "process_secs": 17.1947331,
    "batch_end_secs": 0.0122735,
    "flush_secs": 0.1890012,
    "docs_per_sec": 5.748445341580037
  },
  "per_doc": {
    "avg_ms": 171.9460729999999,
    "p50_ms": 167.898,
    "p95_ms": 202.7936,
    "max_ms": 238.8912,
    "variance_ratio": 1.207838092175011
  },
  "search": {
    "avg_ms": 0.3625319999999999,
    "p95_ms": 0.5997,
    "queries": 100
  },
  "crossref": {
    "relation_count": 5650,
    "unique_pairs": 2007,
    "double_count_ratio": 2.815146985550573,
    "isolated_docs": 0
  },
  "storage": {
    "input_bytes": 84269,
    "processed_bytes": 113341,
    "originals_bytes": 58889,
    "compression_pct": -104.38120779883468
  },
  "corpus": null
}