{
  "version": 1,
  "timestamp": "2026-04-30T14:27:09",
  "label": "scale_100",
  "git_hash": "04bce0c",
  "doc_count": 100,
  "throughput": {
    "total_secs": 4.2343392,
    "process_secs": 4.2172427,
    "batch_end_secs": 0.0028306,
    "flush_secs": 0.0142659,
    "docs_per_sec": 23.61643583017629
  },
  "per_doc": {
    "avg_ms": 42.172135,
    "p50_ms": 41.5489,
    "p95_ms": 48.3391,
    "max_ms": 54.2612,
    "variance_ratio": 1.163426709251027
  },
  "search": {
    "avg_ms": 0.06055599999999997,
    "p95_ms": 0.0858,
    "queries": 100
  },
  "crossref": {
    "relation_count": 5650,
    "unique_pairs": 2007,
    "double_count_ratio": 2.815146985550573,
    "isolated_docs": 0
  },
  "storage": {
    "input_bytes": 84269,
    "processed_bytes": 113341,
    "originals_bytes": 58889,
    "compression_pct": -104.38120779883468
  },
  "corpus": null
}