{
  "version": 1,
  "timestamp": "2026-04-22T14:10:45",
  "label": "scale_1000",
  "git_hash": "04bce0c",
  "doc_count": 1000,
  "throughput": {
    "total_secs": 152.6235887,
    "process_secs": 147.2145347,
    "batch_end_secs": 0.0727652,
    "flush_secs": 5.3362888,
    "docs_per_sec": 6.552067137967907
  },
  "per_doc": {
    "avg_ms": 147.21334869999984,
    "p50_ms": 141.7277,
    "p95_ms": 193.0759,
    "max_ms": 276.6826,
    "variance_ratio": 1.362301794215245
  },
  "search": {
    "avg_ms": 2.7863320000000003,
    "p95_ms": 3.9814999999999996,
    "queries": 100
  },
  "crossref": {
    "relation_count": 62130,
    "unique_pairs": 24046,
    "double_count_ratio": 2.5837977210346836,
    "isolated_docs": 0
  },
  "storage": {
    "input_bytes": 845639,
    "processed_bytes": 1136230,
    "originals_bytes": 591334,
    "compression_pct": -104.29095630641444
  },
  "corpus": null
}