{
  "version": 1,
  "timestamp": "2026-04-24T16:39:29",
  "label": "scale_100",
  "git_hash": "04bce0c",
  "doc_count": 100,
  "throughput": {
    "total_secs": 5.5337811,
    "process_secs": 5.5140303,
    "batch_end_secs": 0.0036783,
    "flush_secs": 0.0160725,
    "docs_per_sec": 18.07082683483812
  },
  "per_doc": {
    "avg_ms": 55.139996,
    "p50_ms": 53.2947,
    "p95_ms": 68.6218,
    "max_ms": 96.2249,
    "variance_ratio": 1.2875914490559097
  },
  "search": {
    "avg_ms": 0.073104,
    "p95_ms": 0.1425,
    "queries": 100
  },
  "crossref": {
    "relation_count": 5650,
    "unique_pairs": 2007,
    "double_count_ratio": 2.815146985550573,
    "isolated_docs": 0
  },
  "storage": {
    "input_bytes": 84269,
    "processed_bytes": 113341,
    "originals_bytes": 58889,
    "compression_pct": -104.38120779883468
  },
  "corpus": null
}