{
  "version": 1,
  "timestamp": "2026-04-22T14:13:47",
  "label": "scale_100",
  "git_hash": "04bce0c",
  "doc_count": 100,
  "throughput": {
    "total_secs": 12.4806054,
    "process_secs": 12.2969068,
    "batch_end_secs": 0.0122849,
    "flush_secs": 0.1714137,
    "docs_per_sec": 8.012431832834007
  },
  "per_doc": {
    "avg_ms": 122.96793899999992,
    "p50_ms": 123.72569999999999,
    "p95_ms": 159.7602,
    "max_ms": 190.3533,
    "variance_ratio": 1.2912450687286474
  },
  "search": {
    "avg_ms": 0.26351900000000006,
    "p95_ms": 0.3178,
    "queries": 100
  },
  "crossref": {
    "relation_count": 5650,
    "unique_pairs": 2007,
    "double_count_ratio": 2.815146985550573,
    "isolated_docs": 0
  },
  "storage": {
    "input_bytes": 84269,
    "processed_bytes": 113341,
    "originals_bytes": 58889,
    "compression_pct": -104.38120779883468
  },
  "corpus": null
}