{
  "version": 1,
  "timestamp": "2026-04-24T15:16:50",
  "label": "scale_2000",
  "git_hash": "04bce0c",
  "doc_count": 2000,
  "throughput": {
    "total_secs": 252.4564471,
    "process_secs": 214.5595424,
    "batch_end_secs": 0.1212397,
    "flush_secs": 37.775665000000004,
    "docs_per_sec": 7.9221585464513185
  },
  "per_doc": {
    "avg_ms": 107.27815945000023,
    "p50_ms": 107.2766,
    "p95_ms": 133.48270000000002,
    "max_ms": 219.0017,
    "variance_ratio": 1.2442853334277932
  },
  "search": null,
  "crossref": {
    "relation_count": 108240,
    "unique_pairs": 0,
    "double_count_ratio": 0.0,
    "isolated_docs": 0
  },
  "storage": null,
  "corpus": null
}