{
  "version": 1,
  "timestamp": "2026-04-22T17:07:37",
  "label": "scale_100",
  "git_hash": "04bce0c",
  "doc_count": 100,
  "throughput": {
    "total_secs": 5.318126300000001,
    "process_secs": 5.3019556,
    "batch_end_secs": 0.0027062,
    "flush_secs": 0.0134645,
    "docs_per_sec": 18.803615100303272
  },
  "per_doc": {
    "avg_ms": 53.01919700000001,
    "p50_ms": 50.8315,
    "p95_ms": 80.93849999999999,
    "max_ms": 107.5017,
    "variance_ratio": 1.5922902137454136
  },
  "search": {
    "avg_ms": 0.05794500000000001,
    "p95_ms": 0.0812,
    "queries": 100
  },
  "crossref": {
    "relation_count": 5650,
    "unique_pairs": 2007,
    "double_count_ratio": 2.815146985550573,
    "isolated_docs": 0
  },
  "storage": {
    "input_bytes": 84269,
    "processed_bytes": 113341,
    "originals_bytes": 58889,
    "compression_pct": -104.38120779883468
  },
  "corpus": null
}