{
  "version": 1,
  "timestamp": "2026-04-24T16:43:17",
  "label": "scale_100",
  "git_hash": "04bce0c",
  "doc_count": 100,
  "throughput": {
    "total_secs": 6.5277355,
    "process_secs": 6.5071586,
    "batch_end_secs": 0.003999,
    "flush_secs": 0.0165779,
    "docs_per_sec": 15.31924815274761
  },
  "per_doc": {
    "avg_ms": 65.07122199999999,
    "p50_ms": 63.5447,
    "p95_ms": 84.31439999999999,
    "max_ms": 90.4311,
    "variance_ratio": 1.3268518066809663
  },
  "search": {
    "avg_ms": 0.07921,
    "p95_ms": 0.16,
    "queries": 100
  },
  "crossref": {
    "relation_count": 5650,
    "unique_pairs": 2007,
    "double_count_ratio": 2.815146985550573,
    "isolated_docs": 0
  },
  "storage": {
    "input_bytes": 84269,
    "processed_bytes": 113341,
    "originals_bytes": 58889,
    "compression_pct": -104.38120779883468
  },
  "corpus": null
}