{
  "version": 1,
  "timestamp": "2026-04-30T12:54:18",
  "label": "scale_1000",
  "git_hash": "04bce0c",
  "doc_count": 1000,
  "throughput": {
    "total_secs": 45.709729599999996,
    "process_secs": 45.3307364,
    "batch_end_secs": 0.0074633,
    "flush_secs": 0.3715299,
    "docs_per_sec": 21.87718038918349
  },
  "per_doc": {
    "avg_ms": 45.330388799999966,
    "p50_ms": 44.3381,
    "p95_ms": 58.1862,
    "max_ms": 146.92749999999998,
    "variance_ratio": 1.3123295765943963
  },
  "search": {
    "avg_ms": 0.245071,
    "p95_ms": 0.4249,
    "queries": 100
  },
  "crossref": {
    "relation_count": 62130,
    "unique_pairs": 24046,
    "double_count_ratio": 2.5837977210346836,
    "isolated_docs": 0
  },
  "storage": {
    "input_bytes": 845639,
    "processed_bytes": 1136230,
    "originals_bytes": 591334,
    "compression_pct": -104.29095630641444
  },
  "corpus": null
}