{
  "version": 1,
  "timestamp": "2026-04-21T19:33:33",
  "label": "scale_500",
  "git_hash": "04bce0c",
  "doc_count": 500,
  "throughput": {
    "total_secs": 61.449216899999996,
    "process_secs": 60.4882571,
    "batch_end_secs": 0.0236534,
    "flush_secs": 0.9373064,
    "docs_per_sec": 8.136800194112809
  },
  "per_doc": {
    "avg_ms": 120.9756329999999,
    "p50_ms": 118.87169999999999,
    "p95_ms": 152.3468,
    "max_ms": 179.6324,
    "variance_ratio": 1.2816069762609605
  },
  "search": {
    "avg_ms": 0.9681739999999999,
    "p95_ms": 1.2107,
    "queries": 100
  },
  "crossref": {
    "relation_count": 31047,
    "unique_pairs": 11924,
    "double_count_ratio": 2.603740355585374,
    "isolated_docs": 0
  },
  "storage": {
    "input_bytes": 422500,
    "processed_bytes": 567737,
    "originals_bytes": 295295,
    "compression_pct": -104.26792899408284
  },
  "corpus": null
}