{
  "version": 1,
  "timestamp": "2026-04-30T12:52:59",
  "label": "scale_100",
  "git_hash": "04bce0c",
  "doc_count": 100,
  "throughput": {
    "total_secs": 6.512635700000001,
    "process_secs": 6.4965479,
    "batch_end_secs": 0.0025496,
    "flush_secs": 0.0135382,
    "docs_per_sec": 15.354766427362119
  },
  "per_doc": {
    "avg_ms": 64.96517599999999,
    "p50_ms": 52.2733,
    "p95_ms": 153.35080000000002,
    "max_ms": 222.3296,
    "variance_ratio": 2.9336353358215383
  },
  "search": {
    "avg_ms": 0.060243000000000005,
    "p95_ms": 0.0872,
    "queries": 100
  },
  "crossref": {
    "relation_count": 5650,
    "unique_pairs": 2007,
    "double_count_ratio": 2.815146985550573,
    "isolated_docs": 0
  },
  "storage": {
    "input_bytes": 84269,
    "processed_bytes": 113341,
    "originals_bytes": 58889,
    "compression_pct": -104.38120779883468
  },
  "corpus": null
}