{
  "version": 1,
  "timestamp": "2026-04-21T19:21:10",
  "label": "scale_100",
  "git_hash": "04bce0c",
  "doc_count": 100,
  "throughput": {
    "total_secs": 20.432465699999998,
    "process_secs": 20.1938708,
    "batch_end_secs": 0.0148592,
    "flush_secs": 0.2237357,
    "docs_per_sec": 4.8941719256134615
  },
  "per_doc": {
    "avg_ms": 201.937434,
    "p50_ms": 197.9121,
    "p95_ms": 249.1658,
    "max_ms": 305.3131,
    "variance_ratio": 1.2589720385969325
  },
  "search": {
    "avg_ms": 0.3879779999999999,
    "p95_ms": 0.8189,
    "queries": 100
  },
  "crossref": {
    "relation_count": 5650,
    "unique_pairs": 2007,
    "double_count_ratio": 2.815146985550573,
    "isolated_docs": 0
  },
  "storage": {
    "input_bytes": 84269,
    "processed_bytes": 113341,
    "originals_bytes": 58889,
    "compression_pct": -104.38120779883468
  },
  "corpus": null
}