{
  "version": 1,
  "timestamp": "2026-04-22T10:18:05",
  "label": "scale_2000",
  "git_hash": "04bce0c",
  "doc_count": 2000,
  "throughput": {
    "total_secs": 143.3517678,
    "process_secs": 124.9603832,
    "batch_end_secs": 0.043894,
    "flush_secs": 18.3474906,
    "docs_per_sec": 13.95169400903614
  },
  "per_doc": {
    "avg_ms": 62.47935370000002,
    "p50_ms": 59.8828,
    "p95_ms": 81.3274,
    "max_ms": 127.75510000000001,
    "variance_ratio": 1.3581095072374705
  },
  "search": null,
  "crossref": {
    "relation_count": 108240,
    "unique_pairs": 0,
    "double_count_ratio": 0.0,
    "isolated_docs": 0
  },
  "storage": null,
  "corpus": null
}