{
  "version": 1,
  "timestamp": "2026-04-23T18:54:10",
  "label": "scale_100",
  "git_hash": "04bce0c",
  "doc_count": 100,
  "throughput": {
    "total_secs": 4.239599200000001,
    "process_secs": 4.2240085,
    "batch_end_secs": 0.0026564,
    "flush_secs": 0.0129343,
    "docs_per_sec": 23.58713531222479
  },
  "per_doc": {
    "avg_ms": 42.23977,
    "p50_ms": 42.3218,
    "p95_ms": 51.1945,
    "max_ms": 54.3805,
    "variance_ratio": 1.2096484554059608
  },
  "search": {
    "avg_ms": 0.050708,
    "p95_ms": 0.0694,
    "queries": 100
  },
  "crossref": {
    "relation_count": 5650,
    "unique_pairs": 2007,
    "double_count_ratio": 2.815146985550573,
    "isolated_docs": 0
  },
  "storage": {
    "input_bytes": 84269,
    "processed_bytes": 113341,
    "originals_bytes": 58889,
    "compression_pct": -104.38120779883468
  },
  "corpus": null
}