{
  "version": 1,
  "timestamp": "2026-04-24T15:27:40",
  "label": "scale_500",
  "git_hash": "04bce0c",
  "doc_count": 500,
  "throughput": {
    "total_secs": 97.7172059,
    "process_secs": 95.9973691,
    "batch_end_secs": 0.0376019,
    "flush_secs": 1.6822349,
    "docs_per_sec": 5.1168061488749546
  },
  "per_doc": {
    "avg_ms": 191.99351399999986,
    "p50_ms": 180.9849,
    "p95_ms": 294.1519,
    "max_ms": 408.9214,
    "variance_ratio": 1.6252842087931092
  },
  "search": {
    "avg_ms": 1.378803,
    "p95_ms": 1.6800000000000002,
    "queries": 100
  },
  "crossref": {
    "relation_count": 31047,
    "unique_pairs": 11924,
    "double_count_ratio": 2.603740355585374,
    "isolated_docs": 0
  },
  "storage": {
    "input_bytes": 422500,
    "processed_bytes": 567737,
    "originals_bytes": 295295,
    "compression_pct": -104.26792899408284
  },
  "corpus": null
}