{
  "version": 1,
  "timestamp": "2026-04-28T15:32:34",
  "label": "scale_2000",
  "git_hash": "04bce0c",
  "doc_count": 2000,
  "throughput": {
    "total_secs": 248.5519482,
    "process_secs": 221.7456226,
    "batch_end_secs": 0.061155,
    "flush_secs": 26.7451706,
    "docs_per_sec": 8.046607618583936
  },
  "per_doc": {
    "avg_ms": 110.87144784999998,
    "p50_ms": 104.1002,
    "p95_ms": 183.0697,
    "max_ms": 445.4783,
    "variance_ratio": 1.7585912418996312
  },
  "search": null,
  "crossref": {
    "relation_count": 108240,
    "unique_pairs": 0,
    "double_count_ratio": 0.0,
    "isolated_docs": 0
  },
  "storage": null,
  "corpus": null
}