{
  "version": 1,
  "timestamp": "2026-04-21T18:44:10",
  "label": "scale_100",
  "git_hash": "04bce0c",
  "doc_count": 100,
  "throughput": {
    "total_secs": 9.8992661,
    "process_secs": 9.8992661,
    "batch_end_secs": 0.0,
    "flush_secs": 0.0,
    "docs_per_sec": 10.101758957666569
  },
  "per_doc": null,
  "search": {
    "avg_ms": 0.23402900000000001,
    "p95_ms": 0.3074,
    "queries": 100
  },
  "crossref": {
    "relation_count": 5650,
    "unique_pairs": 2007,
    "double_count_ratio": 2.815146985550573,
    "isolated_docs": 0
  },
  "storage": {
    "input_bytes": 84269,
    "processed_bytes": 113341,
    "originals_bytes": 58889,
    "compression_pct": -104.38120779883468
  },
  "corpus": null
}