{
  "version": 1,
  "timestamp": "2026-04-28T15:46:40",
  "label": "scale_2000",
  "git_hash": "04bce0c",
  "doc_count": 2000,
  "throughput": {
    "total_secs": 176.9181704,
    "process_secs": 149.5721837,
    "batch_end_secs": 0.0579948,
    "flush_secs": 27.2879919,
    "docs_per_sec": 11.304661332853122
  },
  "per_doc": {
    "avg_ms": 74.78518265000001,
    "p50_ms": 70.21950000000001,
    "p95_ms": 114.528,
    "max_ms": 164.4497,
    "variance_ratio": 1.6309999359152372
  },
  "search": null,
  "crossref": {
    "relation_count": 108240,
    "unique_pairs": 0,
    "double_count_ratio": 0.0,
    "isolated_docs": 0
  },
  "storage": null,
  "corpus": null
}