{
  "version": 1,
  "timestamp": "2026-04-24T15:25:27",
  "label": "scale_100",
  "git_hash": "04bce0c",
  "doc_count": 100,
  "throughput": {
    "total_secs": 25.4032562,
    "process_secs": 25.1513063,
    "batch_end_secs": 0.0139187,
    "flush_secs": 0.2380312,
    "docs_per_sec": 3.93650322670052
  },
  "per_doc": {
    "avg_ms": 251.51175000000003,
    "p50_ms": 232.9323,
    "p95_ms": 370.07230000000004,
    "max_ms": 425.0237,
    "variance_ratio": 1.5887547583568276
  },
  "search": {
    "avg_ms": 0.3892750000000001,
    "p95_ms": 0.7866000000000001,
    "queries": 100
  },
  "crossref": {
    "relation_count": 5650,
    "unique_pairs": 2007,
    "double_count_ratio": 2.815146985550573,
    "isolated_docs": 0
  },
  "storage": {
    "input_bytes": 84269,
    "processed_bytes": 113341,
    "originals_bytes": 58889,
    "compression_pct": -104.38120779883468
  },
  "corpus": null
}