{
  "version": 1,
  "timestamp": "2026-04-24T16:36:26",
  "label": "scale_1000",
  "git_hash": "04bce0c",
  "doc_count": 1000,
  "throughput": {
    "total_secs": 47.845730999999994,
    "process_secs": 47.447904199999996,
    "batch_end_secs": 0.0073224,
    "flush_secs": 0.3905044,
    "docs_per_sec": 20.900506254152543
  },
  "per_doc": {
    "avg_ms": 47.44758550000006,
    "p50_ms": 45.5443,
    "p95_ms": 61.2351,
    "max_ms": 217.86739999999998,
    "variance_ratio": 1.344517316107614
  },
  "search": {
    "avg_ms": 0.23363400000000006,
    "p95_ms": 0.3441,
    "queries": 100
  },
  "crossref": {
    "relation_count": 62130,
    "unique_pairs": 24046,
    "double_count_ratio": 2.5837977210346836,
    "isolated_docs": 0
  },
  "storage": {
    "input_bytes": 845639,
    "processed_bytes": 1136230,
    "originals_bytes": 591334,
    "compression_pct": -104.29095630641444
  },
  "corpus": null
}