{
  "version": 1,
  "timestamp": "2026-04-22T17:10:29",
  "label": "scale_2000",
  "git_hash": "04bce0c",
  "doc_count": 2000,
  "throughput": {
    "total_secs": 138.40897329999999,
    "process_secs": 130.9487419,
    "batch_end_secs": 0.0217324,
    "flush_secs": 7.438499,
    "docs_per_sec": 14.44993017660077
  },
  "per_doc": {
    "avg_ms": 65.47387445000001,
    "p50_ms": 59.9774,
    "p95_ms": 100.0877,
    "max_ms": 169.4863,
    "variance_ratio": 1.6687568984317427
  },
  "search": null,
  "crossref": {
    "relation_count": 108240,
    "unique_pairs": 0,
    "double_count_ratio": 0.0,
    "isolated_docs": 0
  },
  "storage": null,
  "corpus": null
}