{
  "version": 1,
  "timestamp": "2026-04-28T15:22:15",
  "label": "scale_2000",
  "git_hash": "04bce0c",
  "doc_count": 2000,
  "throughput": {
    "total_secs": 183.39730429999997,
    "process_secs": 141.2821512,
    "batch_end_secs": 0.111246,
    "flush_secs": 42.0039071,
    "docs_per_sec": 10.905285699992703
  },
  "per_doc": {
    "avg_ms": 70.64017485000007,
    "p50_ms": 64.82069999999999,
    "p95_ms": 106.30439999999999,
    "max_ms": 242.24190000000002,
    "variance_ratio": 1.639976118739847
  },
  "search": null,
  "crossref": {
    "relation_count": 108240,
    "unique_pairs": 0,
    "double_count_ratio": 0.0,
    "isolated_docs": 0
  },
  "storage": null,
  "corpus": null
}