{
  "version": 1,
  "timestamp": "2026-04-24T16:35:15",
  "label": "scale_100",
  "git_hash": "04bce0c",
  "doc_count": 100,
  "throughput": {
    "total_secs": 5.8285696,
    "process_secs": 5.7998046,
    "batch_end_secs": 0.0079654,
    "flush_secs": 0.0207996,
    "docs_per_sec": 17.156868127644902
  },
  "per_doc": {
    "avg_ms": 57.997716999999994,
    "p50_ms": 57.8308,
    "p95_ms": 68.88560000000001,
    "max_ms": 91.4047,
    "variance_ratio": 1.1911576530153483
  },
  "search": {
    "avg_ms": 0.098901,
    "p95_ms": 0.275,
    "queries": 100
  },
  "crossref": {
    "relation_count": 5650,
    "unique_pairs": 2007,
    "double_count_ratio": 2.815146985550573,
    "isolated_docs": 0
  },
  "storage": {
    "input_bytes": 84269,
    "processed_bytes": 113341,
    "originals_bytes": 58889,
    "compression_pct": -104.38120779883468
  },
  "corpus": null
}