{
  "version": 1,
  "timestamp": "2026-04-30T12:50:49",
  "label": "scale_2000",
  "git_hash": "04bce0c",
  "doc_count": 2000,
  "throughput": {
    "total_secs": 96.5342746,
    "process_secs": 93.5007699,
    "batch_end_secs": 0.011307,
    "flush_secs": 3.0221977,
    "docs_per_sec": 20.718030029098077
  },
  "per_doc": {
    "avg_ms": 46.750022749999935,
    "p50_ms": 46.457,
    "p95_ms": 63.02910000000001,
    "max_ms": 168.71149999999997,
    "variance_ratio": 1.3567191166024497
  },
  "search": null,
  "crossref": {
    "relation_count": 108240,
    "unique_pairs": 0,
    "double_count_ratio": 0.0,
    "isolated_docs": 0
  },
  "storage": null,
  "corpus": null
}