{
  "version": 1,
  "timestamp": "2026-04-21T19:26:43",
  "label": "scale_2000",
  "git_hash": "04bce0c",
  "doc_count": 2000,
  "throughput": {
    "total_secs": 167.1866822,
    "process_secs": 147.9804114,
    "batch_end_secs": 0.0474096,
    "flush_secs": 19.1588612,
    "docs_per_sec": 11.962675338024024
  },
  "per_doc": {
    "avg_ms": 73.9891651,
    "p50_ms": 69.4988,
    "p95_ms": 109.18799999999999,
    "max_ms": 218.7218,
    "variance_ratio": 1.571077486229978
  },
  "search": null,
  "crossref": {
    "relation_count": 108240,
    "unique_pairs": 0,
    "double_count_ratio": 0.0,
    "isolated_docs": 0
  },
  "storage": null,
  "corpus": null
}