{
  "version": 1,
  "timestamp": "2026-04-28T15:30:06",
  "label": "scale_500",
  "git_hash": "04bce0c",
  "doc_count": 500,
  "throughput": {
    "total_secs": 102.70244439999999,
    "process_secs": 100.9455948,
    "batch_end_secs": 0.046568,
    "flush_secs": 1.7102816,
    "docs_per_sec": 4.868433296997555
  },
  "per_doc": {
    "avg_ms": 201.8896245999999,
    "p50_ms": 194.7919,
    "p95_ms": 275.6323,
    "max_ms": 408.0623,
    "variance_ratio": 1.41500904298382
  },
  "search": {
    "avg_ms": 1.9339650000000006,
    "p95_ms": 3.3693,
    "queries": 100
  },
  "crossref": {
    "relation_count": 31047,
    "unique_pairs": 11924,
    "double_count_ratio": 2.603740355585374,
    "isolated_docs": 0
  },
  "storage": {
    "input_bytes": 422500,
    "processed_bytes": 567737,
    "originals_bytes": 295295,
    "compression_pct": -104.26792899408284
  },
  "corpus": null
}