{
  "version": 1,
  "timestamp": "2026-04-24T16:41:03",
  "label": "scale_100",
  "git_hash": "04bce0c",
  "doc_count": 100,
  "throughput": {
    "total_secs": 6.0415171,
    "process_secs": 6.0202478,
    "batch_end_secs": 0.0038598,
    "flush_secs": 0.0174095,
    "docs_per_sec": 16.552133900274818
  },
  "per_doc": {
    "avg_ms": 60.202176,
    "p50_ms": 59.1782,
    "p95_ms": 75.737,
    "max_ms": 87.4986,
    "variance_ratio": 1.279812498521415
  },
  "search": {
    "avg_ms": 0.07722200000000001,
    "p95_ms": 0.1469,
    "queries": 100
  },
  "crossref": {
    "relation_count": 5650,
    "unique_pairs": 2007,
    "double_count_ratio": 2.815146985550573,
    "isolated_docs": 0
  },
  "storage": {
    "input_bytes": 84269,
    "processed_bytes": 113341,
    "originals_bytes": 58889,
    "compression_pct": -104.38120779883468
  },
  "corpus": null
}