{
  "version": 1,
  "timestamp": "2026-04-22T17:20:53",
  "label": "scale_2000",
  "git_hash": "04bce0c",
  "doc_count": 2000,
  "throughput": {
    "total_secs": 121.0259253,
    "process_secs": 116.5435367,
    "batch_end_secs": 0.0197657,
    "flush_secs": 4.4626229,
    "docs_per_sec": 16.52538491271506
  },
  "per_doc": {
    "avg_ms": 58.27126990000005,
    "p50_ms": 56.8388,
    "p95_ms": 71.35289999999999,
    "max_ms": 108.6716,
    "variance_ratio": 1.2553554965973945
  },
  "search": null,
  "crossref": {
    "relation_count": 108240,
    "unique_pairs": 0,
    "double_count_ratio": 0.0,
    "isolated_docs": 0
  },
  "storage": null,
  "corpus": null
}