{
  "version": 1,
  "timestamp": "2026-04-28T15:57:17",
  "label": "scale_1000",
  "git_hash": "04bce0c",
  "doc_count": 1000,
  "throughput": {
    "total_secs": 169.1061786,
    "process_secs": 162.4544391,
    "batch_end_secs": 0.0681031,
    "flush_secs": 6.5836364,
    "docs_per_sec": 5.913444489603055
  },
  "per_doc": {
    "avg_ms": 162.4532954999998,
    "p50_ms": 153.038,
    "p95_ms": 277.6485,
    "max_ms": 601.3585999999999,
    "variance_ratio": 1.8142454815143951
  },
  "search": {
    "avg_ms": 3.1428270000000005,
    "p95_ms": 5.8824000000000005,
    "queries": 100
  },
  "crossref": {
    "relation_count": 62130,
    "unique_pairs": 24046,
    "double_count_ratio": 2.5837977210346836,
    "isolated_docs": 0
  },
  "storage": {
    "input_bytes": 845639,
    "processed_bytes": 1136230,
    "originals_bytes": 591334,
    "compression_pct": -104.29095630641444
  },
  "corpus": null
}