{
  "version": 1,
  "timestamp": "2026-04-24T15:23:22",
  "label": "scale_2000",
  "git_hash": "04bce0c",
  "doc_count": 2000,
  "throughput": {
    "total_secs": 308.2560696,
    "process_secs": 254.2552984,
    "batch_end_secs": 0.1345623,
    "flush_secs": 53.8662089,
    "docs_per_sec": 6.488112310635911
  },
  "per_doc": {
    "avg_ms": 127.12593795000024,
    "p50_ms": 119.59490000000001,
    "p95_ms": 194.4721,
    "max_ms": 557.7345,
    "variance_ratio": 1.6260902429785886
  },
  "search": null,
  "crossref": {
    "relation_count": 108240,
    "unique_pairs": 0,
    "double_count_ratio": 0.0,
    "isolated_docs": 0
  },
  "storage": null,
  "corpus": null
}