{
  "version": 1,
  "timestamp": "2026-04-28T15:41:06",
  "label": "scale_1000",
  "git_hash": "04bce0c",
  "doc_count": 1000,
  "throughput": {
    "total_secs": 127.96976409999999,
    "process_secs": 124.7650464,
    "batch_end_secs": 0.0443665,
    "flush_secs": 3.1603512,
    "docs_per_sec": 7.81434588891299
  },
  "per_doc": {
    "avg_ms": 124.76407909999999,
    "p50_ms": 114.162,
    "p95_ms": 191.54240000000001,
    "max_ms": 297.8095,
    "variance_ratio": 1.6778122317408595
  },
  "search": {
    "avg_ms": 1.5532489999999999,
    "p95_ms": 2.0322,
    "queries": 100
  },
  "crossref": {
    "relation_count": 62130,
    "unique_pairs": 24046,
    "double_count_ratio": 2.5837977210346836,
    "isolated_docs": 0
  },
  "storage": {
    "input_bytes": 845639,
    "processed_bytes": 1136230,
    "originals_bytes": 591334,
    "compression_pct": -104.29095630641444
  },
  "corpus": null
}