{
  "version": 1,
  "timestamp": "2026-04-30T14:29:40",
  "label": "scale_1000",
  "git_hash": "04bce0c",
  "doc_count": 1000,
  "throughput": {
    "total_secs": 35.7323252,
    "process_secs": 35.3508664,
    "batch_end_secs": 0.0073246,
    "flush_secs": 0.3741342,
    "docs_per_sec": 27.98586418328019
  },
  "per_doc": {
    "avg_ms": 35.35061680000001,
    "p50_ms": 33.616800000000005,
    "p95_ms": 48.275600000000004,
    "max_ms": 83.7743,
    "variance_ratio": 1.4360557816329929
  },
  "search": {
    "avg_ms": 0.350612,
    "p95_ms": 0.5148,
    "queries": 100
  },
  "crossref": {
    "relation_count": 62130,
    "unique_pairs": 24046,
    "double_count_ratio": 2.5837977210346836,
    "isolated_docs": 0
  },
  "storage": {
    "input_bytes": 845639,
    "processed_bytes": 1136230,
    "originals_bytes": 591334,
    "compression_pct": -104.29095630641444
  },
  "corpus": null
}