{
  "version": 1,
  "timestamp": "2026-04-24T15:34:35",
  "label": "threshold_070",
  "git_hash": "04bce0c",
  "doc_count": 100,
  "throughput": {
    "total_secs": 35.0198863,
    "process_secs": 34.7562189,
    "batch_end_secs": 0.015103,
    "flush_secs": 0.2485644,
    "docs_per_sec": 2.8555204075576905
  },
  "per_doc": {
    "avg_ms": 347.5608610000001,
    "p50_ms": 339.1228,
    "p95_ms": 509.7625,
    "max_ms": 565.652,
    "variance_ratio": 1.503179674147536
  },
  "search": {
    "avg_ms": 0.5813289999999999,
    "p95_ms": 1.1758,
    "queries": 100
  },
  "crossref": {
    "relation_count": 5650,
    "unique_pairs": 2007,
    "double_count_ratio": 2.815146985550573,
    "isolated_docs": 0
  },
  "storage": {
    "input_bytes": 84269,
    "processed_bytes": 113341,
    "originals_bytes": 58889,
    "compression_pct": -104.38120779883468
  },
  "corpus": null
}