{
  "version": 1,
  "timestamp": "2026-04-28T15:53:15",
  "label": "threshold_080",
  "git_hash": "04bce0c",
  "doc_count": 100,
  "throughput": {
    "total_secs": 14.9498898,
    "process_secs": 14.7923998,
    "batch_end_secs": 0.0078096,
    "flush_secs": 0.1496804,
    "docs_per_sec": 6.689012517001965
  },
  "per_doc": {
    "avg_ms": 147.92288400000004,
    "p50_ms": 143.7312,
    "p95_ms": 188.4074,
    "max_ms": 212.01670000000001,
    "variance_ratio": 1.310831607890284
  },
  "search": {
    "avg_ms": 0.26649700000000004,
    "p95_ms": 0.37,
    "queries": 100
  },
  "crossref": {
    "relation_count": 5650,
    "unique_pairs": 2007,
    "double_count_ratio": 2.815146985550573,
    "isolated_docs": 0
  },
  "storage": {
    "input_bytes": 84269,
    "processed_bytes": 113341,
    "originals_bytes": 58889,
    "compression_pct": -104.38120779883468
  },
  "corpus": null
}