{
  "version": 1,
  "timestamp": "2026-04-28T15:38:52",
  "label": "threshold_070",
  "git_hash": "04bce0c",
  "doc_count": 100,
  "throughput": {
    "total_secs": 19.660564200000003,
    "process_secs": 19.4445954,
    "batch_end_secs": 0.013515,
    "flush_secs": 0.2024538,
    "docs_per_sec": 5.086324023193596
  },
  "per_doc": {
    "avg_ms": 194.44464200000004,
    "p50_ms": 193.3591,
    "p95_ms": 254.22240000000002,
    "max_ms": 279.2112,
    "variance_ratio": 1.3147682214077332
  },
  "search": {
    "avg_ms": 0.5737099999999997,
    "p95_ms": 0.9759,
    "queries": 100
  },
  "crossref": {
    "relation_count": 5650,
    "unique_pairs": 2007,
    "double_count_ratio": 2.815146985550573,
    "isolated_docs": 0
  },
  "storage": {
    "input_bytes": 84269,
    "processed_bytes": 113341,
    "originals_bytes": 58889,
    "compression_pct": -104.38120779883468
  },
  "corpus": null
}